datetime,open,high,low,close,volume
2026-05-01 09:30:00,92.81,92.81,91.9076,92.4,103770.0
2026-05-01 09:35:00,92.32,92.535,92.033,92.37,37258.0
2026-05-01 09:40:00,92.33,92.765,92.05,92.76,96029.0
2026-05-01 09:45:00,92.76,92.805,92.2,92.4,104960.0
2026-05-01 09:50:00,92.41,92.46,92.19,92.26,84086.0
2026-05-01 09:55:00,92.29,92.81,92.27,92.81,47342.0
2026-05-01 10:00:00,92.85,92.935,92.51,92.935,58977.0
2026-05-01 10:05:00,92.91,92.919,92.63,92.67,35117.0
2026-05-01 10:10:00,92.66,92.803,92.52,92.78,41334.0
2026-05-01 10:15:00,92.76,92.965,92.72,92.96,54669.0
2026-05-01 10:20:00,92.98,93.0,92.785,92.94,40416.0
2026-05-01 10:25:00,92.945,93.0,92.8,92.83,63347.0
2026-05-01 10:30:00,92.825,92.95,92.69,92.745,96420.0
2026-05-01 10:35:00,92.73,93.025,92.72,92.99,78228.0
2026-05-01 10:40:00,93.0,93.08,92.825,92.99,48500.0
2026-05-01 10:45:00,93.0,93.08,92.77,92.82,51446.0
2026-05-01 10:50:00,92.83,93.17,92.77,93.13,44013.0
2026-05-01 10:55:00,93.16,93.21,92.995,92.995,19338.0
2026-05-01 11:00:00,92.96,93.15,92.86,93.12,27813.0
2026-05-01 11:05:00,93.15,93.2186,93.09,93.09,27606.0
2026-05-01 11:10:00,93.145,93.21,93.04,93.17,21820.0
2026-05-01 11:15:00,93.19,93.275,93.14,93.25,22729.0
2026-05-01 11:20:00,93.235,93.375,93.18,93.3201,23679.0
2026-05-01 11:25:00,93.35,93.44,93.31,93.42,24314.0
2026-05-01 11:30:00,93.42,93.44,93.27,93.27,18527.0
2026-05-01 11:35:00,93.285,93.49,93.27,93.46,26145.0
2026-05-01 11:40:00,93.49,93.555,93.44,93.5,21330.0
2026-05-01 11:45:00,93.49,93.575,93.385,93.46,22102.0
2026-05-01 11:50:00,93.49,93.54,93.15,93.52,58538.0
2026-05-01 11:55:00,93.51,93.58,93.48,93.575,16993.0
2026-05-01 12:00:00,93.575,93.61,93.39,93.39,32215.0
2026-05-01 12:05:00,93.38,93.455,93.335,93.4,26825.0
2026-05-01 12:10:00,93.41,93.41,93.28,93.38,27880.0
2026-05-01 12:15:00,93.375,93.645,93.375,93.6,32272.0
2026-05-01 12:20:00,93.64,93.64,93.435,93.62,80683.0
2026-05-01 12:25:00,93.62,93.69,93.45,93.65,56222.0
2026-05-01 12:30:00,93.625,93.83,93.58,93.81,89414.0
2026-05-01 12:35:00,93.81,93.8586,93.57,93.59,39082.0
2026-05-01 12:40:00,93.575,93.67,93.485,93.57,60572.0
2026-05-01 12:45:00,93.56,93.66,93.46,93.561,122680.0
2026-05-01 12:50:00,93.56,93.6522,93.43,93.55,192086.0
2026-05-01 12:55:00,93.55,93.585,93.38,93.41,69482.0
2026-05-01 13:00:00,93.42,93.655,93.42,93.6,90107.0
2026-05-01 13:05:00,93.6,93.625,93.52,93.585,31305.0
2026-05-01 13:10:00,93.585,93.875,93.51,93.875,186936.0
2026-05-01 13:15:00,93.875,94.0,93.87,93.96,40994.0
2026-05-01 13:20:00,93.95,93.95,93.8,93.81,112835.0
2026-05-01 13:25:00,93.8,93.849,93.66,93.75,82750.0
2026-05-01 13:30:00,93.755,93.76,93.66,93.72,71745.0
2026-05-01 13:35:00,93.7,93.92,93.7,93.86,71885.0
2026-05-01 13:40:00,93.86,93.97,93.79,93.87,79873.0
2026-05-01 13:45:00,93.87,93.87,93.71,93.73,73221.0
2026-05-01 13:50:00,93.75,93.815,93.71,93.71,27349.0
2026-05-01 13:55:00,93.735,93.802,93.655,93.68,62978.0
2026-05-01 14:00:00,93.69,93.765,93.59,93.6,50898.0
2026-05-01 14:05:00,93.59,93.74,93.4715,93.68,116984.0
2026-05-01 14:10:00,93.68,93.74,93.6,93.7241,62134.0
2026-05-01 14:15:00,93.63,93.75,93.6,93.68,34344.0
2026-05-01 14:20:00,93.67,93.7233,93.6,93.62,47427.0
2026-05-01 14:25:00,93.61,93.83,93.56,93.83,37265.0
2026-05-01 14:30:00,93.8,93.98,93.8,93.95,89093.0
2026-05-01 14:35:00,93.949,94.03,93.91,93.97,64515.0
2026-05-01 14:40:00,93.98,93.99,93.91,93.945,28526.0
2026-05-01 14:45:00,93.93,93.9899,93.8,93.985,73420.0
2026-05-01 14:50:00,94.0,94.04,93.9,93.94,75903.0
2026-05-01 14:55:00,93.945,94.13,93.92,94.12,104870.0
2026-05-01 15:00:00,94.125,94.31,94.1,94.27,59815.0
2026-05-01 15:05:00,94.265,94.435,94.25,94.435,135869.0
2026-05-01 15:10:00,94.435,94.555,94.28,94.29,123773.0
2026-05-01 15:15:00,94.285,94.4283,94.13,94.13,103046.0
2026-05-01 15:20:00,94.14,94.3342,94.1,94.14,79639.0
2026-05-01 15:25:00,94.15,94.32,93.945,94.27,166069.0
2026-05-01 15:30:00,94.29,94.35,94.11,94.11,154715.0
2026-05-01 15:35:00,94.13,94.17,93.97,93.97,105700.0
2026-05-01 15:40:00,93.96,94.155,93.95,94.005,98324.0
2026-05-01 15:45:00,94.0,94.03,93.85,93.99,123961.0
2026-05-01 15:50:00,94.02,94.14,93.84,93.8805,220075.0
2026-05-01 15:55:00,93.88,93.97,93.75,93.94,747814.0
2026-05-04 09:30:00,96.215,96.215,94.51,94.73,253076.0
2026-05-04 09:35:00,94.79,95.05,94.0,94.11,114262.0
2026-05-04 09:40:00,94.1116,94.13,93.6175,93.96,165469.0
2026-05-04 09:45:00,93.95,94.35,93.775,94.32,181623.0
2026-05-04 09:50:00,94.34,94.87,94.195,94.87,109715.0
2026-05-04 09:55:00,94.85,95.37,94.8,95.3525,119858.0
2026-05-04 10:00:00,95.36,95.51,95.21,95.42,95044.0
2026-05-04 10:05:00,95.49,95.68,95.38,95.53,68515.0
2026-05-04 10:10:00,95.47,95.6,95.26,95.38,57117.0
2026-05-04 10:15:00,95.41,95.49,95.0459,95.27,68533.0
2026-05-04 10:20:00,95.27,95.42,95.16,95.19,66355.0
2026-05-04 10:25:00,95.185,95.26,95.02,95.09,56425.0
2026-05-04 10:30:00,95.075,95.22,94.85,95.02,92797.0
2026-05-04 10:35:00,95.0201,95.14,94.93,95.129,41706.0
2026-05-04 10:40:00,95.125,95.25,95.075,95.075,35621.0
2026-05-04 10:45:00,95.11,95.13,94.93,95.05,43129.0
2026-05-04 10:50:00,95.06,95.1,94.985,95.01,41498.0
2026-05-04 10:55:00,95.045,95.06,94.92,95.0,75970.0
2026-05-04 11:00:00,95.0,95.17,94.91,95.1,33873.0
2026-05-04 11:05:00,95.04,95.15,95.02,95.08,27338.0
2026-05-04 11:10:00,95.11,95.14,94.74,94.79,38743.0
2026-05-04 11:15:00,94.775,94.96,94.6,94.62,80579.0
2026-05-04 11:20:00,94.6,94.64,94.17,94.27,66681.0
2026-05-04 11:25:00,94.33,94.64,94.32,94.53,62244.0
2026-05-04 11:30:00,94.5,94.565,94.29,94.56,44140.0
2026-05-04 11:35:00,94.53,94.57,94.34,94.53,68084.0
2026-05-04 11:40:00,94.515,94.76,94.44,94.6554,64650.0
2026-05-04 11:45:00,94.62,94.72,94.55,94.6599,42205.0
2026-05-04 11:50:00,94.655,94.83,94.545,94.78,96620.0
2026-05-04 11:55:00,94.8,94.8,94.59,94.65,32045.0
2026-05-04 12:00:00,94.62,94.8,94.515,94.61,83576.0
2026-05-04 12:05:00,94.55,94.78,94.31,94.58,165172.0
2026-05-04 12:10:00,94.57,94.7,94.4,94.51,94164.0
2026-05-04 12:15:00,94.495,94.96,94.42,94.87,138155.0
2026-05-04 12:20:00,94.87,94.98,94.8,94.945,43349.0
2026-05-04 12:25:00,94.99,95.05,94.81,94.98,46494.0
2026-05-04 12:30:00,94.96,95.01,94.82,94.96,34358.0
2026-05-04 12:35:00,94.94,95.0,94.78,94.81,34336.0
2026-05-04 12:40:00,94.8193,94.96,94.7801,94.82,26008.0
2026-05-04 12:45:00,94.81,94.9099,94.77,94.875,31035.0
2026-05-04 12:50:00,94.86,94.94,94.77,94.89,55659.0
2026-05-04 12:55:00,94.9,94.955,94.81,94.83,22884.0
2026-05-04 13:00:00,94.84,95.06,94.76,95.06,30260.0
2026-05-04 13:05:00,95.055,95.14,95.04,95.125,33686.0
2026-05-04 13:10:00,95.14,95.27,95.13,95.27,29322.0
2026-05-04 13:15:00,95.255,95.43,95.14,95.42,83204.0
2026-05-04 13:20:00,95.415,95.61,95.4,95.54,32040.0
2026-05-04 13:25:00,95.54,95.57,95.48,95.53,20454.0
2026-05-04 13:30:00,95.53,95.66,95.495,95.59,35479.0
2026-05-04 13:35:00,95.58,95.58,95.255,95.3,53765.0
2026-05-04 13:40:00,95.31,95.37,95.265,95.27,23559.0
2026-05-04 13:45:00,95.27,95.27,95.085,95.16,53512.0
2026-05-04 13:50:00,95.13,95.28,95.13,95.245,24378.0
2026-05-04 13:55:00,95.259,95.285,94.93,94.95,57024.0
2026-05-04 14:00:00,94.945,95.08,94.9,94.97,88223.0
2026-05-04 14:05:00,94.99,95.11,94.94,95.05,48386.0
2026-05-04 14:10:00,95.06,95.13,95.01,95.13,77369.0
2026-05-04 14:15:00,95.125,95.16,95.03,95.045,37320.0
2026-05-04 14:20:00,95.04,95.06,94.77,94.81,108261.0
2026-05-04 14:25:00,94.81,95.0,94.68,94.945,49476.0
2026-05-04 14:30:00,94.955,95.0,94.87,95.0,67339.0
2026-05-04 14:35:00,95.025,95.025,94.9,95.02,29422.0
2026-05-04 14:40:00,95.01,95.04,94.86,94.9,75158.0
2026-05-04 14:45:00,94.9,95.0,94.8775,94.96,138511.0
2026-05-04 14:50:00,94.96,95.14,94.9,94.99,83106.0
2026-05-04 14:55:00,94.99,95.23,94.99,95.155,33357.0
2026-05-04 15:00:00,95.17,95.295,95.16,95.265,48433.0
2026-05-04 15:05:00,95.2799,95.43,95.16,95.21,74103.0
2026-05-04 15:10:00,95.23,95.305,95.1963,95.23,73043.0
2026-05-04 15:15:00,95.24,95.3,95.109,95.17,139942.0
2026-05-04 15:20:00,95.18,95.35,95.15,95.225,111849.0
2026-05-04 15:25:00,95.225,95.28,95.0,95.06,93804.0
2026-05-04 15:30:00,95.025,95.26,94.98,95.14,81099.0
2026-05-04 15:35:00,95.13,95.29,95.09,95.25,77925.0
2026-05-04 15:40:00,95.26,95.339,95.21,95.31,135642.0
2026-05-04 15:45:00,95.315,95.315,95.14,95.29,102036.0
2026-05-04 15:50:00,95.3,95.53,95.22,95.45,238815.0
2026-05-04 15:55:00,95.42,95.42,95.21,95.3,834272.0
2026-05-05 09:30:00,95.23,95.46,94.17,94.84,292634.0
2026-05-05 09:35:00,94.865,95.59,94.82,95.475,66332.0
2026-05-05 09:40:00,95.525,95.55,95.1601,95.49,84733.0
2026-05-05 09:45:00,95.5,95.51,94.97,95.29,65497.0
2026-05-05 09:50:00,95.27,95.64,95.24,95.64,94310.0
2026-05-05 09:55:00,95.65,96.04,95.54,95.96,94943.0
2026-05-05 10:00:00,95.985,96.5,95.87,96.5,74449.0
2026-05-05 10:05:00,96.51,97.08,96.485,96.91,166844.0
2026-05-05 10:10:00,96.85,97.09,96.715,97.03,99715.0
2026-05-05 10:15:00,97.025,97.42,96.96,97.18,161032.0
2026-05-05 10:20:00,97.175,97.48,97.12,97.255,191823.0
2026-05-05 10:25:00,97.25,97.91,97.25,97.85,104275.0
2026-05-05 10:30:00,97.85,97.9,97.425,97.57,121790.0
2026-05-05 10:35:00,97.57,97.8,97.49,97.56,83679.0
2026-05-05 10:40:00,97.52,97.52,97.31,97.43,61829.0
2026-05-05 10:45:00,97.445,97.6,97.315,97.43,188306.0
2026-05-05 10:50:00,97.42,97.66,97.29,97.66,47744.0
2026-05-05 10:55:00,97.7,97.84,97.6,97.66,87165.0
2026-05-05 11:00:00,97.665,97.84,97.63,97.63,55311.0
2026-05-05 11:05:00,97.62,98.13,97.61,98.12,56368.0
2026-05-05 11:10:00,98.09,98.235,98.0,98.22,97884.0
2026-05-05 11:15:00,98.2,98.3,98.01,98.04,128577.0
2026-05-05 11:20:00,98.02,98.13,98.0,98.04,90083.0
2026-05-05 11:25:00,98.04,98.13,98.0,98.11,49553.0
2026-05-05 11:30:00,98.115,98.26,98.06,98.21,62192.0
2026-05-05 11:35:00,98.1933,98.31,98.17,98.2,64481.0
2026-05-05 11:40:00,98.2204,98.32,98.1,98.23,66162.0
2026-05-05 11:45:00,98.25,98.43,98.1925,98.43,41320.0
2026-05-05 11:50:00,98.445,98.485,98.17,98.22,54339.0
2026-05-05 11:55:00,98.25,98.32,97.985,98.09,66604.0
2026-05-05 12:00:00,98.13,98.19,98.03,98.15,75286.0
2026-05-05 12:05:00,98.13,98.31,98.07,98.28,70495.0
2026-05-05 12:10:00,98.305,98.87,98.265,98.85,140307.0
2026-05-05 12:15:00,98.86,99.05,98.785,99.035,65051.0
2026-05-05 12:20:00,99.03,99.06,98.81,98.83,68510.0
2026-05-05 12:25:00,98.82,98.89,98.48,98.61,79416.0
2026-05-05 12:30:00,98.6,98.71,98.33,98.37,102048.0
2026-05-05 12:35:00,98.365,98.67,98.365,98.43,97300.0
2026-05-05 12:40:00,98.42,98.61,98.37,98.45,52661.0
2026-05-05 12:45:00,98.44,98.61,98.42,98.49,47757.0
2026-05-05 12:50:00,98.51,98.62,98.49,98.54,43439.0
2026-05-05 12:55:00,98.54,98.7,98.49,98.63,46769.0
2026-05-05 13:00:00,98.66,98.675,98.505,98.64,65993.0
2026-05-05 13:05:00,98.64,98.755,98.625,98.74,59804.0
2026-05-05 13:10:00,98.74,98.77,98.62,98.67,39494.0
2026-05-05 13:15:00,98.66,98.9,98.66,98.88,57447.0
2026-05-05 13:20:00,98.88,98.9908,98.83,98.99,61088.0
2026-05-05 13:25:00,99.0,99.05,98.93,98.97,77857.0
2026-05-05 13:30:00,98.98,99.08,98.84,98.89,64456.0
2026-05-05 13:35:00,98.895,99.0599,98.8,98.88,65681.0
2026-05-05 13:40:00,98.86,99.005,98.85,98.96,48809.0
2026-05-05 13:45:00,98.94,98.955,98.85,98.85,39298.0
2026-05-05 13:50:00,98.855,98.89,98.7,98.71,33387.0
2026-05-05 13:55:00,98.73,98.89,98.73,98.79,45912.0
2026-05-05 14:00:00,98.81,98.965,98.79,98.885,65444.0
2026-05-05 14:05:00,98.88,99.01,98.82,98.825,44043.0
2026-05-05 14:10:00,98.82,98.84,98.7399,98.7399,151917.0
2026-05-05 14:15:00,98.745,98.82,98.6,98.78,84841.0
2026-05-05 14:20:00,98.775,98.8,98.68,98.75,30716.0
2026-05-05 14:25:00,98.76,98.96,98.74,98.94,54455.0
2026-05-05 14:30:00,98.94,99.01,98.88,99.0,59631.0
2026-05-05 14:35:00,99.01,99.02,98.89,98.91,320872.0
2026-05-05 14:40:00,98.92,98.92,98.7,98.766,67199.0
2026-05-05 14:45:00,98.77,98.84,98.69,98.7,45988.0
2026-05-05 14:50:00,98.69,98.73,98.575,98.72,39958.0
2026-05-05 14:55:00,98.72,98.865,98.675,98.675,60987.0
2026-05-05 15:00:00,98.68,98.78,98.545,98.6,287603.0
2026-05-05 15:05:00,98.605,98.61,98.28,98.355,148445.0
2026-05-05 15:10:00,98.355,98.38,98.045,98.22,111252.0
2026-05-05 15:15:00,98.24,98.255,98.12,98.19,106769.0
2026-05-05 15:20:00,98.19,98.33,98.09,98.21,60263.0
2026-05-05 15:25:00,98.2,98.28,98.11,98.14,70483.0
2026-05-05 15:30:00,98.15,98.49,98.08,98.41,101715.0
2026-05-05 15:35:00,98.4,98.41,98.18,98.18,107434.0
2026-05-05 15:40:00,98.18,98.3,98.015,98.2,127588.0
2026-05-05 15:45:00,98.2,98.39,98.09,98.26,186083.0
2026-05-05 15:50:00,98.24,98.4,98.07,98.12,281722.0
2026-05-05 15:55:00,98.12,98.55,98.12,98.52,919684.0
2026-05-06 09:30:00,98.48,99.46,98.0,99.2,194355.0
2026-05-06 09:35:00,99.21,99.8,99.15,99.445,114587.0
2026-05-06 09:40:00,99.445,100.39,99.445,100.1,183052.0
2026-05-06 09:45:00,100.07,100.38,99.51,99.62,174335.0
2026-05-06 09:50:00,99.6,100.24,99.495,100.1,121816.0
2026-05-06 09:55:00,100.1,100.36,99.925,99.97,117100.0
2026-05-06 10:00:00,100.0,100.13,99.22,99.22,181680.0
2026-05-06 10:05:00,99.17,99.21,98.85,99.12,114398.0
2026-05-06 10:10:00,99.05,99.195,98.76,99.08,101217.0
2026-05-06 10:15:00,99.08,99.36,98.64,98.84,155646.0
2026-05-06 10:20:00,98.815,99.01,98.67,98.965,116936.0
2026-05-06 10:25:00,98.93,99.175,98.79,98.83,108509.0
2026-05-06 10:30:00,98.8325,99.335,98.83,99.335,66522.0
2026-05-06 10:35:00,99.29,99.46,99.11,99.26,59541.0
2026-05-06 10:40:00,99.23,99.64,99.23,99.52,42885.0
2026-05-06 10:45:00,99.53,100.06,99.46,100.05,211215.0
2026-05-06 10:50:00,100.055,100.33,100.05,100.08,93362.0
2026-05-06 10:55:00,100.1,100.13,99.82,99.93,231877.0
2026-05-06 11:00:00,99.91,100.14,99.875,100.12,89376.0
2026-05-06 11:05:00,100.13,100.45,100.04,100.37,78450.0
2026-05-06 11:10:00,100.38,100.75,100.31,100.67,101959.0
2026-05-06 11:15:00,100.65,100.88,100.65,100.8,52298.0
2026-05-06 11:20:00,100.8,100.84,100.63,100.8,102527.0
2026-05-06 11:25:00,100.8,100.96,100.755,100.94,41780.0
2026-05-06 11:30:00,100.9,101.165,100.83,100.96,82625.0
2026-05-06 11:35:00,100.95,101.18,100.93,101.18,52102.0
2026-05-06 11:40:00,101.16,101.5,101.11,101.41,61745.0
2026-05-06 11:45:00,101.42,101.575,101.22,101.26,204715.0
2026-05-06 11:50:00,101.265,101.35,101.1,101.27,74871.0
2026-05-06 11:55:00,101.29,101.51,101.27,101.3994,58890.0
2026-05-06 12:00:00,101.3805,101.488,101.34,101.385,57550.0
2026-05-06 12:05:00,101.39,101.485,101.35,101.36,106519.0
2026-05-06 12:10:00,101.345,101.6,101.34,101.56,45355.0
2026-05-06 12:15:00,101.56,101.56,101.25,101.315,44231.0
2026-05-06 12:20:00,101.3,101.495,101.2,101.49,41327.0
2026-05-06 12:25:00,101.5,101.66,101.5,101.64,30420.0
2026-05-06 12:30:00,101.66,101.885,101.655,101.87,35924.0
2026-05-06 12:35:00,101.875,102.0,101.79,101.94,47020.0
2026-05-06 12:40:00,101.9459,101.95,101.81,101.95,29802.0
2026-05-06 12:45:00,101.9429,101.9429,101.64,101.81,33414.0
2026-05-06 12:50:00,101.78,101.78,101.44,101.45,64861.0
2026-05-06 12:55:00,101.46,101.785,101.42,101.785,64845.0
2026-05-06 13:00:00,101.81,102.05,101.78,102.03,61021.0
2026-05-06 13:05:00,102.05,102.15,101.94,102.1,78739.0
2026-05-06 13:10:00,102.14,102.24,102.13,102.18,48844.0
2026-05-06 13:15:00,102.17,102.33,102.16,102.18,78900.0
2026-05-06 13:20:00,102.1899,102.36,102.18,102.25,48462.0
2026-05-06 13:25:00,102.2699,102.41,102.24,102.3875,56003.0
2026-05-06 13:30:00,102.4,102.58,102.295,102.36,64628.0
2026-05-06 13:35:00,102.36,102.58,102.33,102.545,53874.0
2026-05-06 13:40:00,102.535,102.5391,102.37,102.49,46971.0
2026-05-06 13:45:00,102.5,102.65,102.42,102.47,95493.0
2026-05-06 13:50:00,102.48,102.6,102.48,102.575,46238.0
2026-05-06 13:55:00,102.59,102.61,102.515,102.53,32229.0
2026-05-06 14:00:00,102.55,102.78,102.51,102.76,58623.0
2026-05-06 14:05:00,102.7401,102.8,102.64,102.71,108037.0
2026-05-06 14:10:00,102.71,102.76,102.31,102.53,1081564.0
2026-05-06 14:15:00,102.53,102.53,102.115,102.13,94516.0
2026-05-06 14:20:00,102.14,102.34,101.92,102.01,153219.0
2026-05-06 14:25:00,102.01,102.07,101.87,102.015,76585.0
2026-05-06 14:30:00,102.015,102.26,101.9266,102.235,65617.0
2026-05-06 14:35:00,102.22,102.25,101.855,101.87,80120.0
2026-05-06 14:40:00,101.88,102.02,101.695,101.76,99044.0
2026-05-06 14:45:00,101.74,101.76,101.31,101.4,91923.0
2026-05-06 14:50:00,101.41,101.66,101.41,101.57,98469.0
2026-05-06 14:55:00,101.57,101.66,101.455,101.54,62798.0
2026-05-06 15:00:00,101.515,101.62,101.24,101.525,115296.0
2026-05-06 15:05:00,101.52,102.14,101.51,102.01,126412.0
2026-05-06 15:10:00,102.0,102.1,101.87,101.895,164340.0
2026-05-06 15:15:00,101.91,102.21,101.86,102.205,110244.0
2026-05-06 15:20:00,102.205,102.205,102.025,102.07,102356.0
2026-05-06 15:25:00,102.07,102.14,101.96,102.09,118412.0
2026-05-06 15:30:00,102.075,102.4,102.05,102.2962,129354.0
2026-05-06 15:35:00,102.31,102.45,102.25,102.31,133057.0
2026-05-06 15:40:00,102.316,102.43,102.23,102.32,312353.0
2026-05-06 15:45:00,102.31,102.43,101.95,102.4,257917.0
2026-05-06 15:50:00,102.38,102.74,102.195,102.605,312056.0
2026-05-06 15:55:00,102.65,103.24,102.64,102.94,1229310.0
2026-05-07 09:30:00,102.15,102.28,100.43,101.585,348655.0
2026-05-07 09:35:00,101.58,102.23,101.37,102.23,117411.0
2026-05-07 09:40:00,102.2,102.21,101.23,101.23,179949.0
2026-05-07 09:45:00,101.23,101.77,101.2,101.565,103771.0
2026-05-07 09:50:00,101.6,101.67,100.92,101.17,114900.0
2026-05-07 09:55:00,101.21,101.42,100.745,100.825,115619.0
2026-05-07 10:00:00,100.805,100.995,100.195,100.34,117874.0
2026-05-07 10:05:00,100.35,100.47,100.03,100.305,68066.0
2026-05-07 10:10:00,100.29,100.36,100.125,100.1699,175656.0
2026-05-07 10:15:00,100.17,100.59,100.1,100.15,145977.0
2026-05-07 10:20:00,100.15,100.56,100.1,100.22,66698.0
2026-05-07 10:25:00,100.22,100.33,99.89,100.14,113657.0
2026-05-07 10:30:00,100.17,100.587,100.17,100.425,81448.0
2026-05-07 10:35:00,100.425,100.7,100.37,100.615,76067.0
2026-05-07 10:40:00,100.58,100.71,100.47,100.47,55755.0
2026-05-07 10:45:00,100.48,100.57,100.17,100.2,47111.0
2026-05-07 10:50:00,100.245,100.6929,100.13,100.685,87827.0
2026-05-07 10:55:00,100.7,100.82,100.535,100.595,101100.0
2026-05-07 11:00:00,100.6,100.73,100.35,100.685,91842.0
2026-05-07 11:05:00,100.71,100.9625,100.47,100.86,83781.0
2026-05-07 11:10:00,100.86,100.99,100.75,100.91,92174.0
2026-05-07 11:15:00,100.89,101.18,100.8725,101.015,67063.0
2026-05-07 11:20:00,100.99,101.13,100.93,100.965,111870.0
2026-05-07 11:25:00,100.95,101.385,100.95,101.18,135027.0
2026-05-07 11:30:00,101.26,101.4,101.17,101.4,85827.0
2026-05-07 11:35:00,101.385,101.385,101.085,101.145,52411.0
2026-05-07 11:40:00,101.145,101.215,101.025,101.07,108120.0
2026-05-07 11:45:00,101.08,101.135,100.92,100.98,81566.0
2026-05-07 11:50:00,100.97,100.97,100.53,100.81,142596.0
2026-05-07 11:55:00,100.81,100.81,100.495,100.69,127551.0
2026-05-07 12:00:00,100.72,101.07,100.61,100.99,103503.0
2026-05-07 12:05:00,100.94,100.94,100.57,100.86,132396.0
2026-05-07 12:10:00,100.835,100.86,100.46,100.535,103979.0
2026-05-07 12:15:00,100.51,100.59,100.19,100.37,98157.0
2026-05-07 12:20:00,100.36,100.58,100.18,100.58,245220.0
2026-05-07 12:25:00,100.55,100.845,100.55,100.67,74001.0
2026-05-07 12:30:00,100.67,100.895,100.61,100.835,82996.0
2026-05-07 12:35:00,100.81,100.82,100.3,100.32,71888.0
2026-05-07 12:40:00,100.32,100.64,100.26,100.33,69068.0
2026-05-07 12:45:00,100.32,100.32,99.94,100.0199,58411.0
2026-05-07 12:50:00,100.02,100.215,99.62,100.15,89989.0
2026-05-07 12:55:00,100.16,100.29,99.89,100.14,195075.0
2026-05-07 13:00:00,100.17,100.255,100.06,100.12,40219.0
2026-05-07 13:05:00,100.12,100.26,100.05,100.11,51698.0
2026-05-07 13:10:00,100.15,100.17,99.96,100.045,97337.0
2026-05-07 13:15:00,100.02,100.07,99.73,99.785,136880.0
2026-05-07 13:20:00,99.76,100.19,99.73,100.07,67915.0
2026-05-07 13:25:00,100.065,100.22,99.59,99.94,114561.0
2026-05-07 13:30:00,99.93,100.215,99.82,100.215,65799.0
2026-05-07 13:35:00,100.15,100.3799,100.035,100.345,50129.0
2026-05-07 13:40:00,100.33,100.475,100.18,100.205,48354.0
2026-05-07 13:45:00,100.18,100.26,100.125,100.205,32258.0
2026-05-07 13:50:00,100.19,100.25,100.08,100.24,44824.0
2026-05-07 13:55:00,100.24,100.715,100.22,100.69,85269.0
2026-05-07 14:00:00,100.705,100.7799,100.59,100.71,73344.0
2026-05-07 14:05:00,100.73,100.95,100.66,100.745,94379.0
2026-05-07 14:10:00,100.745,100.93,100.69,100.845,91729.0
2026-05-07 14:15:00,100.87,101.05,100.8201,100.98,202518.0
2026-05-07 14:20:00,100.985,101.08,100.85,100.9,142092.0
2026-05-07 14:25:00,100.88,100.9,100.615,100.775,205522.0
2026-05-07 14:30:00,100.775,100.935,100.71,100.785,278748.0
2026-05-07 14:35:00,100.8,100.81,100.37,100.61,135078.0
2026-05-07 14:40:00,100.64,100.68,100.2,100.34,77079.0
2026-05-07 14:45:00,100.36,100.425,100.14,100.14,63085.0
2026-05-07 14:50:00,100.13,100.23,99.97,100.075,114083.0
2026-05-07 14:55:00,100.075,100.45,99.94,100.36,96026.0
2026-05-07 15:00:00,100.355,100.355,100.025,100.04,82118.0
2026-05-07 15:05:00,100.05,100.17,99.8,99.93,114472.0
2026-05-07 15:10:00,99.9425,101.265,99.905,101.08,367622.0
2026-05-07 15:15:00,101.09,101.53,100.68,100.84,381181.0
2026-05-07 15:20:00,100.83,100.99,100.4,100.43,410732.0
2026-05-07 15:25:00,100.43,100.84,100.28,100.73,247325.0
2026-05-07 15:30:00,100.74,101.2,100.66,100.96,173445.0
2026-05-07 15:35:00,100.98,101.24,100.89,101.19,227007.0
2026-05-07 15:40:00,101.22,101.26,100.8082,101.18,206231.0
2026-05-07 15:45:00,101.165,101.33,100.79,100.92,175991.0
2026-05-07 15:50:00,100.94,101.33,100.75,101.275,472106.0
2026-05-07 15:55:00,101.2,101.65,101.16,101.55,1101785.0
2026-05-08 09:30:00,105.05,105.91,102.83,103.745,582259.0
2026-05-08 09:35:00,103.63,104.0,102.6,103.15,274100.0
2026-05-08 09:40:00,103.0724,103.165,102.0,102.26,257421.0
2026-05-08 09:45:00,102.285,102.31,100.69,101.18,289927.0
2026-05-08 09:50:00,101.275,101.81,100.56,100.985,168268.0
2026-05-08 09:55:00,100.98,101.49,100.71,101.25,185990.0
2026-05-08 10:00:00,101.29,101.98,101.0,101.32,342296.0
2026-05-08 10:05:00,101.32,101.627,100.91,101.1001,209441.0
2026-05-08 10:10:00,101.03,101.1,100.27,100.69,304610.0
2026-05-08 10:15:00,100.7,101.15,100.31,100.48,110365.0
2026-05-08 10:20:00,100.5,101.3571,100.39,100.78,136106.0
2026-05-08 10:25:00,100.66,100.97,100.07,100.105,187598.0
2026-05-08 10:30:00,100.12,100.56,100.02,100.38,166483.0
2026-05-08 10:35:00,100.3,100.3,99.7,99.78,184416.0
2026-05-08 10:40:00,99.78,99.93,99.06,99.28,208377.0
2026-05-08 10:45:00,99.275,99.38,98.77,99.2,186522.0
2026-05-08 10:50:00,99.22,99.34,98.64,98.75,192420.0
2026-05-08 10:55:00,98.75,99.21,98.675,98.845,189012.0
2026-05-08 11:00:00,98.82,99.84,98.7,99.76,318027.0
2026-05-08 11:05:00,99.74,99.81,99.31,99.4,228285.0
2026-05-08 11:10:00,99.4,99.58,99.08,99.145,131016.0
2026-05-08 11:15:00,99.18,99.28,98.58,98.71,111990.0
2026-05-08 11:20:00,98.71,98.855,98.585,98.65,113836.0
2026-05-08 11:25:00,98.6479,99.35,98.61,99.03,132722.0
2026-05-08 11:30:00,99.05,99.21,98.91,99.185,124497.0
2026-05-08 11:35:00,99.19,99.39,98.965,99.205,138706.0
2026-05-08 11:40:00,99.19,99.31,98.73,98.83,94706.0
2026-05-08 11:45:00,98.85,99.3,98.83,98.92,103015.0
2026-05-08 11:50:00,98.97,99.1,98.73,98.745,121247.0
2026-05-08 11:55:00,98.75,98.87,97.71,97.77,389850.0
2026-05-08 12:00:00,97.78,98.14,97.78,98.1,153956.0
2026-05-08 12:05:00,98.1,98.23,97.836,97.965,118961.0
2026-05-08 12:10:00,97.96,97.965,96.94,97.1501,201226.0
2026-05-08 12:15:00,97.185,97.44,97.071,97.1,126510.0
2026-05-08 12:20:00,97.11,97.49,96.92,97.4375,130949.0
2026-05-08 12:25:00,97.45,97.53,97.06,97.47,176927.0
2026-05-08 12:30:00,97.54,98.0,97.45,97.89,122184.0
2026-05-08 12:35:00,97.94,98.3533,97.74,98.27,122988.0
2026-05-08 12:40:00,98.35,98.46,97.84,97.84,115166.0
2026-05-08 12:45:00,97.86,98.265,97.71,98.06,93819.0
2026-05-08 12:50:00,98.11,98.3,98.05,98.205,81750.0
2026-05-08 12:55:00,98.23,98.67,98.23,98.56,111941.0
2026-05-08 13:00:00,98.55,98.77,98.2,98.405,98096.0
2026-05-08 13:05:00,98.4,98.51,98.07,98.195,101390.0
2026-05-08 13:10:00,98.195,98.645,98.1,98.635,147158.0
2026-05-08 13:15:00,98.635,98.91,98.49,98.6613,81911.0
2026-05-08 13:20:00,98.63,98.63,98.25,98.335,112283.0
2026-05-08 13:25:00,98.34,98.5599,98.03,98.305,167276.0
2026-05-08 13:30:00,98.305,98.875,98.24,98.745,85799.0
2026-05-08 13:35:00,98.7,98.7,97.94,97.97,153539.0
2026-05-08 13:40:00,97.95,98.19,97.78,97.88,100966.0
2026-05-08 13:45:00,97.91,98.045,97.67,97.815,87629.0
2026-05-08 13:50:00,97.815,97.84,97.375,97.49,100536.0
2026-05-08 13:55:00,97.505,97.63,97.22,97.54,98446.0
2026-05-08 14:00:00,97.56,97.79,97.32,97.505,170546.0
2026-05-08 14:05:00,97.505,97.76,97.485,97.65,89019.0
2026-05-08 14:10:00,97.61,97.86,97.565,97.6799,114817.0
2026-05-08 14:15:00,97.65,97.655,97.44,97.49,138235.0
2026-05-08 14:20:00,97.49,97.69,97.485,97.55,68510.0
2026-05-08 14:25:00,97.56,97.64,97.44,97.49,107622.0
2026-05-08 14:30:00,97.51,97.67,97.43,97.61,97730.0
2026-05-08 14:35:00,97.6099,97.82,97.565,97.615,82031.0
2026-05-08 14:40:00,97.605,97.64,97.09,97.12,213818.0
2026-05-08 14:45:00,97.11,97.43,96.85,97.405,133951.0
2026-05-08 14:50:00,97.405,97.49,97.11,97.31,131243.0
2026-05-08 14:55:00,97.33,97.33,96.85,97.055,233153.0
2026-05-08 15:00:00,97.05,97.31,96.82,97.21,245299.0
2026-05-08 15:05:00,97.24,97.54,97.24,97.44,168880.0
2026-05-08 15:10:00,97.48,97.68,97.22,97.515,205158.0
2026-05-08 15:15:00,97.49,98.26,97.46,98.26,196281.0
2026-05-08 15:20:00,98.27,98.53,97.94,97.98,259346.0
2026-05-08 15:25:00,97.97,98.13,97.79,97.95,208867.0
2026-05-08 15:30:00,97.97,98.47,97.94,98.395,249228.0
2026-05-08 15:35:00,98.395,98.87,98.27,98.765,295050.0
2026-05-08 15:40:00,98.77,99.4934,98.77,99.32,302781.0
2026-05-08 15:45:00,99.31,99.42,98.76,98.98,286225.0
2026-05-08 15:50:00,98.96,99.15,98.53,98.56,400131.0
2026-05-08 15:55:00,98.57,99.21,98.31,99.14,1231015.0
2026-05-11 09:30:00,98.1,99.98,98.0,99.735,442568.0
2026-05-11 09:35:00,99.6401,101.175,99.57,99.87,425096.0
2026-05-11 09:40:00,99.8935,100.28,98.7801,99.025,209733.0
2026-05-11 09:45:00,98.95,99.0,98.3873,98.39,118670.0
2026-05-11 09:50:00,98.3,99.35,98.28,99.08,120871.0
2026-05-11 09:55:00,99.08,99.31,98.365,98.5,76896.0
2026-05-11 10:00:00,98.27,98.67,97.555,97.64,112301.0
2026-05-11 10:05:00,97.655,98.245,97.53,98.095,87805.0
2026-05-11 10:10:00,98.095,98.141,97.79,97.845,84877.0
2026-05-11 10:15:00,97.79,97.88,97.39,97.415,129038.0
2026-05-11 10:20:00,97.45,97.58,97.2401,97.335,186945.0
2026-05-11 10:25:00,97.365,97.74,97.2,97.29,99927.0
2026-05-11 10:30:00,97.38,97.875,97.37,97.8101,127124.0
2026-05-11 10:35:00,97.81,97.885,97.59,97.675,85151.0
2026-05-11 10:40:00,97.69,98.2,97.545,98.065,124629.0
2026-05-11 10:45:00,98.065,98.245,97.9,97.91,100686.0
2026-05-11 10:50:00,97.9319,98.25,97.8,97.84,97986.0
2026-05-11 10:55:00,97.83,98.025,97.555,97.62,176482.0
2026-05-11 11:00:00,97.66,98.11,97.54,97.99,209989.0
2026-05-11 11:05:00,98.05,98.185,97.76,97.76,125074.0
2026-05-11 11:10:00,97.795,97.88,97.49,97.54,137531.0
2026-05-11 11:15:00,97.55,97.93,97.44,97.87,103125.0
2026-05-11 11:20:00,97.81,98.06,97.74,97.895,66016.0
2026-05-11 11:25:00,97.95,98.02,97.69,97.72,68401.0
2026-05-11 11:30:00,97.715,97.95,97.61,97.64,86204.0
2026-05-11 11:35:00,97.58,97.725,97.39,97.57,101989.0
2026-05-11 11:40:00,97.6,97.8375,97.5,97.74,95260.0
2026-05-11 11:45:00,97.76,97.76,97.46,97.69,113118.0
2026-05-11 11:50:00,97.675,97.99,97.62,97.66,248229.0
2026-05-11 11:55:00,97.67,97.74,97.44,97.45,76740.0
2026-05-11 12:00:00,97.47,97.53,97.26,97.53,76325.0
2026-05-11 12:05:00,97.535,97.65,97.38,97.38,59115.0
2026-05-11 12:10:00,97.38,97.57,97.34,97.525,92765.0
2026-05-11 12:15:00,97.535,97.77,97.51,97.65,57419.0
2026-05-11 12:20:00,97.66,97.955,97.65,97.955,55053.0
2026-05-11 12:25:00,97.965,98.0,97.78,97.93,56681.0
2026-05-11 12:30:00,97.9,97.96,97.6901,97.78,83988.0
2026-05-11 12:35:00,97.73,97.805,97.59,97.59,46474.0
2026-05-11 12:40:00,97.56,97.7,97.06,97.27,115848.0
2026-05-11 12:45:00,97.275,97.425,97.23,97.3,78105.0
2026-05-11 12:50:00,97.27,97.3375,97.01,97.1,119797.0
2026-05-11 12:55:00,97.07,97.105,96.935,96.9699,59614.0
2026-05-11 13:00:00,96.97,97.02,96.68,96.9,112016.0
2026-05-11 13:05:00,96.86,97.03,96.85,96.89,57591.0
2026-05-11 13:10:00,96.8901,96.9,96.67,96.75,126283.0
2026-05-11 13:15:00,96.75,96.76,96.57,96.66,66907.0
2026-05-11 13:20:00,96.63,97.0,96.62,96.975,69520.0
2026-05-11 13:25:00,96.9752,97.17,96.96,97.145,79031.0
2026-05-11 13:30:00,97.14,97.48,97.105,97.41,75343.0
2026-05-11 13:35:00,97.36,97.695,97.36,97.67,80615.0
2026-05-11 13:40:00,97.64,97.77,97.52,97.55,65961.0
2026-05-11 13:45:00,97.535,97.71,97.51,97.55,79097.0
2026-05-11 13:50:00,97.53,97.63,97.34,97.41,107592.0
2026-05-11 13:55:00,97.43,97.92,97.43,97.64,190069.0
2026-05-11 14:00:00,97.67,97.68,97.31,97.36,67384.0
2026-05-11 14:05:00,97.345,97.63,97.345,97.435,74636.0
2026-05-11 14:10:00,97.43,97.685,97.4,97.465,78251.0
2026-05-11 14:15:00,97.45,97.47,97.27,97.385,69284.0
2026-05-11 14:20:00,97.4,97.45,97.28,97.28,74786.0
2026-05-11 14:25:00,97.295,97.295,96.96,97.025,82406.0
2026-05-11 14:30:00,97.0,97.1299,96.87,97.07,82377.0
2026-05-11 14:35:00,97.08,97.6,97.02,97.46,179915.0
2026-05-11 14:40:00,97.43,97.5201,97.03,97.0875,134391.0
2026-05-11 14:45:00,97.1,97.21,96.87,96.885,224801.0
2026-05-11 14:50:00,96.885,97.15,96.85,97.045,159321.0
2026-05-11 14:55:00,97.045,97.22,96.86,96.86,129054.0
2026-05-11 15:00:00,96.9,97.13,96.88,96.89,83162.0
2026-05-11 15:05:00,96.88,97.19,96.75,97.11,246482.0
2026-05-11 15:10:00,97.09,97.4,97.0,97.0,176104.0
2026-05-11 15:15:00,97.0,97.15,96.9,97.11,167162.0
2026-05-11 15:20:00,97.11,97.56,97.07,97.43,217446.0
2026-05-11 15:25:00,97.42,97.42,97.08,97.125,122069.0
2026-05-11 15:30:00,97.13,97.23,97.08,97.09,120748.0
2026-05-11 15:35:00,97.095,97.34,96.98,97.33,139750.0
2026-05-11 15:40:00,97.29,97.42,97.22,97.27,179754.0
2026-05-11 15:45:00,97.27,98.05,97.235,98.04,213287.0
2026-05-11 15:50:00,98.02,98.39,97.98,98.335,340450.0
2026-05-11 15:55:00,98.35,99.15,98.35,99.06,1368441.0
2026-05-12 09:30:00,97.06,98.0,96.67,96.935,203471.0
2026-05-12 09:35:00,96.98,97.57,96.48,97.51,114004.0
2026-05-12 09:40:00,97.4981,98.145,97.48,97.58,147911.0
2026-05-12 09:45:00,97.58,97.85,96.8,96.82,116533.0
2026-05-12 09:50:00,96.81,97.0,96.61,96.735,57691.0
2026-05-12 09:55:00,96.7221,96.7221,95.87,95.895,139367.0
2026-05-12 10:00:00,95.905,96.47,95.905,96.12,116389.0
2026-05-12 10:05:00,96.175,96.46,96.01,96.42,66450.0
2026-05-12 10:10:00,96.46,97.03,96.4,96.93,71211.0
2026-05-12 10:15:00,96.945,97.02,96.68,96.915,66408.0
2026-05-12 10:20:00,96.87,96.87,96.46,96.65,52293.0
2026-05-12 10:25:00,96.67,96.685,96.075,96.19,163444.0
2026-05-12 10:30:00,96.2,96.27,95.47,95.77,123600.0
2026-05-12 10:35:00,95.74,96.47,95.54,96.42,93505.0
2026-05-12 10:40:00,96.43,96.64,96.05,96.32,96652.0
2026-05-12 10:45:00,96.305,96.425,96.08,96.15,63570.0
2026-05-12 10:50:00,96.16,96.74,96.0,96.625,75681.0
2026-05-12 10:55:00,96.675,96.765,96.13,96.16,115489.0
2026-05-12 11:00:00,96.155,96.41,95.8,95.8,98539.0
2026-05-12 11:05:00,95.785,95.85,95.62,95.675,94209.0
2026-05-12 11:10:00,95.68,95.71,95.25,95.25,68138.0
2026-05-12 11:15:00,95.245,95.31,94.87,94.99,138156.0
2026-05-12 11:20:00,95.02,95.135,94.665,94.74,83467.0
2026-05-12 11:25:00,94.76,95.0,94.6,94.64,72473.0
2026-05-12 11:30:00,94.69,95.31,94.68,95.26,79869.0
2026-05-12 11:35:00,95.28,95.65,95.01,95.48,66448.0
2026-05-12 11:40:00,95.51,95.75,95.35,95.635,62204.0
2026-05-12 11:45:00,95.67,95.75,95.51,95.68,59514.0
2026-05-12 11:50:00,95.69,95.81,95.52,95.52,60763.0
2026-05-12 11:55:00,95.52,95.65,95.275,95.32,256620.0
2026-05-12 12:00:00,95.29,95.66,95.09,95.59,50827.0
2026-05-12 12:05:00,95.63,95.755,95.34,95.38,57086.0
2026-05-12 12:10:00,95.38,95.57,95.25,95.435,65392.0
2026-05-12 12:15:00,95.42,95.48,94.9,95.14,74589.0
2026-05-12 12:20:00,95.1,95.21,94.6901,94.77,58405.0
2026-05-12 12:25:00,94.75,94.88,94.685,94.76,61576.0
2026-05-12 12:30:00,94.73,94.865,94.53,94.595,79505.0
2026-05-12 12:35:00,94.595,95.04,94.53,94.77,114539.0
2026-05-12 12:40:00,94.75,94.78,94.42,94.48,87016.0
2026-05-12 12:45:00,94.495,94.99,94.43,94.87,66753.0
2026-05-12 12:50:00,94.875,95.02,94.66,94.87,117847.0
2026-05-12 12:55:00,94.81,94.92,94.66,94.68,44775.0
2026-05-12 13:00:00,94.71,95.28,94.68,95.27,72107.0
2026-05-12 13:05:00,95.26,95.56,95.26,95.3,47933.0
2026-05-12 13:10:00,95.3,95.73,95.3,95.67,57207.0
2026-05-12 13:15:00,95.665,95.99,95.64,95.91,48509.0
2026-05-12 13:20:00,95.91,96.2,95.91,96.02,69261.0
2026-05-12 13:25:00,96.04,96.05,95.665,95.845,42942.0
2026-05-12 13:30:00,95.83,95.945,95.65,95.73,84266.0
2026-05-12 13:35:00,95.73,95.73,95.305,95.415,88363.0
2026-05-12 13:40:00,95.4,95.56,95.31,95.32,58179.0
2026-05-12 13:45:00,95.35,95.49,95.21,95.49,143201.0
2026-05-12 13:50:00,95.5,95.55,95.32,95.545,84740.0
2026-05-12 13:55:00,95.56,95.92,95.485,95.825,67462.0
2026-05-12 14:00:00,95.85,96.05,95.81,95.97,75563.0
2026-05-12 14:05:00,95.975,96.03,95.585,95.615,100763.0
2026-05-12 14:10:00,95.61,95.8,95.53,95.78,90069.0
2026-05-12 14:15:00,95.785,95.88,95.6,95.635,87831.0
2026-05-12 14:20:00,95.6109,95.71,95.531,95.57,71661.0
2026-05-12 14:25:00,95.56,95.84,95.56,95.78,97943.0
2026-05-12 14:30:00,95.78,96.0025,95.755,95.79,103908.0
2026-05-12 14:35:00,95.79,95.85,95.65,95.745,82646.0
2026-05-12 14:40:00,95.74,95.81,95.51,95.74,166781.0
2026-05-12 14:45:00,95.71,95.8,95.59,95.75,71380.0
2026-05-12 14:50:00,95.74,95.86,95.66,95.66,58397.0
2026-05-12 14:55:00,95.66,96.01,95.47,95.55,118471.0
2026-05-12 15:00:00,95.58,96.0,95.58,95.955,83832.0
2026-05-12 15:05:00,95.955,96.24,95.81,95.85,105193.0
2026-05-12 15:10:00,95.84,96.485,95.83,96.38,126466.0
2026-05-12 15:15:00,96.39,96.53,96.29,96.37,128871.0
2026-05-12 15:20:00,96.38,96.48,96.16,96.43,67003.0
2026-05-12 15:25:00,96.45,96.67,96.45,96.57,83756.0
2026-05-12 15:30:00,96.59,97.05,96.59,96.96,123260.0
2026-05-12 15:35:00,96.99,97.38,96.99,97.215,318367.0
2026-05-12 15:40:00,97.215,97.36,97.135,97.275,301965.0
2026-05-12 15:45:00,97.27,97.57,97.2,97.57,136849.0
2026-05-12 15:50:00,97.58,97.85,97.29,97.63,260964.0
2026-05-12 15:55:00,97.65,97.77,97.56,97.72,642218.0
2026-05-13 09:30:00,99.65,99.87,98.62,98.67,240427.0
2026-05-13 09:35:00,98.59,98.81,97.5,97.69,109255.0
2026-05-13 09:40:00,97.65,98.3,97.33,97.87,186778.0
2026-05-13 09:45:00,97.78,98.0,97.1,97.35,146655.0
2026-05-13 09:50:00,97.52,97.78,96.87,97.24,174372.0
2026-05-13 09:55:00,97.01,97.255,96.56,97.06,142148.0
2026-05-13 10:00:00,97.07,97.375,97.0,97.17,131163.0
2026-05-13 10:05:00,97.17,97.175,96.17,96.28,106870.0
2026-05-13 10:10:00,96.27,96.515,96.06,96.25,138081.0
2026-05-13 10:15:00,96.25,96.5541,96.085,96.28,100160.0
2026-05-13 10:20:00,96.31,97.475,96.225,97.435,203758.0
2026-05-13 10:25:00,97.43,97.535,97.07,97.09,122184.0
2026-05-13 10:30:00,97.11,97.46,96.61,96.66,97331.0
2026-05-13 10:35:00,96.645,96.85,96.51,96.62,70769.0
2026-05-13 10:40:00,96.61,96.99,96.59,96.935,239626.0
2026-05-13 10:45:00,96.935,97.32,96.935,97.2,62975.0
2026-05-13 10:50:00,97.17,97.67,97.14,97.66,58347.0
2026-05-13 10:55:00,97.65,97.92,97.09,97.125,97711.0
2026-05-13 11:00:00,97.11,97.42,96.95,96.98,64416.0
2026-05-13 11:05:00,96.955,97.37,96.94,97.3062,69017.0
2026-05-13 11:10:00,97.315,97.44,96.92,97.175,81319.0
2026-05-13 11:15:00,97.18,97.36,97.08,97.19,86299.0
2026-05-13 11:20:00,97.15,97.265,97.09,97.195,59648.0
2026-05-13 11:25:00,97.17,97.24,96.92,97.0,47064.0
2026-05-13 11:30:00,97.035,97.44,96.93,97.205,232243.0
2026-05-13 11:35:00,97.15,97.42,97.12,97.25,50956.0
2026-05-13 11:40:00,97.245,97.55,97.195,97.195,90887.0
2026-05-13 11:45:00,97.16,97.41,97.035,97.28,61150.0
2026-05-13 11:50:00,97.23,97.395,97.07,97.34,152778.0
2026-05-13 11:55:00,97.34,97.34,96.52,96.67,90535.0
2026-05-13 12:00:00,96.65,97.05,96.65,96.92,71378.0
2026-05-13 12:05:00,96.8901,97.03,96.86,96.98,61186.0
2026-05-13 12:10:00,96.93,97.08,96.871,96.92,48227.0
2026-05-13 12:15:00,96.92,97.5752,96.87,97.51,82230.0
2026-05-13 12:20:00,97.505,97.98,97.46,97.86,93531.0
2026-05-13 12:25:00,97.91,98.05,97.74,97.89,90676.0
2026-05-13 12:30:00,97.86,97.8825,97.62,97.63,61013.0
2026-05-13 12:35:00,97.595,97.73,97.46,97.53,55848.0
2026-05-13 12:40:00,97.51,97.74,97.51,97.53,57860.0
2026-05-13 12:45:00,97.555,97.635,97.43,97.58,89195.0
2026-05-13 12:50:00,97.56,97.645,97.51,97.52,60824.0
2026-05-13 12:55:00,97.53,97.61,97.4,97.605,57576.0
2026-05-13 13:00:00,97.61,97.75,97.56,97.71,127890.0
2026-05-13 13:05:00,97.68,97.75,97.62,97.72,55774.0
2026-05-13 13:10:00,97.72,97.9493,97.6,97.81,277594.0
2026-05-13 13:15:00,97.805,97.919,97.75,97.88,47225.0
2026-05-13 13:20:00,97.905,97.905,97.62,97.66,79891.0
2026-05-13 13:25:00,97.65,97.945,97.64,97.85,54163.0
2026-05-13 13:30:00,97.89,97.97,97.84,97.935,44969.0
2026-05-13 13:35:00,97.92,98.029,97.73,97.77,71839.0
2026-05-13 13:40:00,97.77,97.83,97.69,97.73,44379.0
2026-05-13 13:45:00,97.72,97.86,97.66,97.785,50146.0
2026-05-13 13:50:00,97.78,97.94,97.73,97.84,49055.0
2026-05-13 13:55:00,97.83,97.845,97.62,97.64,65634.0
2026-05-13 14:00:00,97.62,97.68,97.26,97.27,119680.0
2026-05-13 14:05:00,97.25,97.34,97.08,97.34,64401.0
2026-05-13 14:10:00,97.33,97.405,97.135,97.28,62288.0
2026-05-13 14:15:00,97.275,97.37,97.16,97.345,42662.0
2026-05-13 14:20:00,97.335,97.37,97.19,97.19,62439.0
2026-05-13 14:25:00,97.19,97.25,96.98,97.01,48528.0
2026-05-13 14:30:00,97.005,97.095,96.62,96.64,108572.0
2026-05-13 14:35:00,96.66,96.815,96.62,96.785,77348.0
2026-05-13 14:40:00,96.785,96.865,96.52,96.54,563319.0
2026-05-13 14:45:00,96.53,96.75,96.52,96.65,59295.0
2026-05-13 14:50:00,96.64,96.64,96.48,96.54,51745.0
2026-05-13 14:55:00,96.55,96.56,96.145,96.18,75297.0
2026-05-13 15:00:00,96.19,96.52,96.19,96.4697,80925.0
2026-05-13 15:05:00,96.48,96.8,96.305,96.62,241757.0
2026-05-13 15:10:00,96.6,97.18,96.51,97.05,246048.0
2026-05-13 15:15:00,97.055,97.235,96.965,97.175,129277.0
2026-05-13 15:20:00,97.16,97.425,97.14,97.42,127910.0
2026-05-13 15:25:00,97.42,97.6056,97.23,97.42,202491.0
2026-05-13 15:30:00,97.395,97.485,96.92,96.97,114716.0
2026-05-13 15:35:00,96.9716,96.98,96.671,96.81,154533.0
2026-05-13 15:40:00,96.8,96.905,96.56,96.56,218605.0
2026-05-13 15:45:00,96.575,96.88,96.495,96.76,236193.0
2026-05-13 15:50:00,96.75,96.75,96.14,96.22,459330.0
2026-05-13 15:55:00,96.26,96.71,96.22,96.69,1353227.0
2026-05-14 09:30:00,96.385,97.105,96.01,96.23,141457.0
2026-05-14 09:35:00,96.215,96.9,96.07,96.64,66041.0
2026-05-14 09:40:00,96.62,96.66,95.72,95.82,93586.0
2026-05-14 09:45:00,95.88,96.19,95.68,96.04,84425.0
2026-05-14 09:50:00,96.02,96.24,95.78,96.01,71500.0
2026-05-14 09:55:00,96.0,96.235,95.9,96.19,59736.0
2026-05-14 10:00:00,96.14,96.48,95.89,96.185,94015.0
2026-05-14 10:05:00,96.15,96.275,95.58,95.71,52760.0
2026-05-14 10:10:00,95.74,96.6315,95.74,96.63,82144.0
2026-05-14 10:15:00,96.63,96.66,96.37,96.5,56130.0
2026-05-14 10:20:00,96.57,96.59,96.32,96.37,40227.0
2026-05-14 10:25:00,96.36,96.53,96.14,96.22,72818.0
2026-05-14 10:30:00,96.21,96.45,96.16,96.36,53531.0
2026-05-14 10:35:00,96.33,96.515,96.325,96.48,46215.0
2026-05-14 10:40:00,96.44,96.44,96.09,96.165,50445.0
2026-05-14 10:45:00,96.3,96.4,96.19,96.385,27461.0
2026-05-14 10:50:00,96.395,96.47,96.3,96.405,46630.0
2026-05-14 10:55:00,96.43,96.465,96.185,96.275,46775.0
2026-05-14 11:00:00,96.24,96.52,96.1801,96.39,53195.0
2026-05-14 11:05:00,96.39,96.42,96.29,96.38,48921.0
2026-05-14 11:10:00,96.38,96.39,96.225,96.245,37117.0
2026-05-14 11:15:00,96.28,96.34,96.18,96.18,34939.0
2026-05-14 11:20:00,96.16,96.18,95.92,96.09,68583.0
2026-05-14 11:25:00,96.1,96.22,95.95,96.0,51069.0
2026-05-14 11:30:00,95.98,96.275,95.93,96.26,56823.0
2026-05-14 11:35:00,96.22,96.255,96.07,96.14,40006.0
2026-05-14 11:40:00,96.14,96.45,96.055,96.415,83981.0
2026-05-14 11:45:00,96.4,96.4,96.22,96.32,34031.0
2026-05-14 11:50:00,96.31,96.39,96.23,96.34,28414.0
2026-05-14 11:55:00,96.34,96.34,96.23,96.23,30018.0
2026-05-14 12:00:00,96.24,96.355,96.1,96.1,67581.0
2026-05-14 12:05:00,96.09,96.21,96.06,96.125,40461.0
2026-05-14 12:10:00,96.13,96.25,96.1,96.155,33243.0
2026-05-14 12:15:00,96.15,96.325,96.15,96.225,30356.0
2026-05-14 12:20:00,96.24,96.32,96.24,96.26,19521.0
2026-05-14 12:25:00,96.26,96.28,96.07,96.14,43938.0
2026-05-14 12:30:00,96.1,96.3199,96.1,96.14,27543.0
2026-05-14 12:35:00,96.12,96.14,95.92,96.065,47052.0
2026-05-14 12:40:00,96.06,96.165,95.94,95.99,27903.0
2026-05-14 12:45:00,96.0,96.125,95.9,96.06,34026.0
2026-05-14 12:50:00,96.04,96.1,95.9619,96.01,31559.0
2026-05-14 12:55:00,96.01,96.34,96.01,96.21,34711.0
2026-05-14 13:00:00,96.23,96.38,96.22,96.3,27389.0
2026-05-14 13:05:00,96.28,96.29,96.06,96.09,39136.0
2026-05-14 13:10:00,96.07,96.18,95.76,95.8,51515.0
2026-05-14 13:15:00,95.78,95.87,95.44,95.51,73219.0
2026-05-14 13:20:00,95.51,95.75,95.43,95.43,63893.0
2026-05-14 13:25:00,95.44,95.62,95.27,95.49,47890.0
2026-05-14 13:30:00,95.47,95.76,95.43,95.65,38213.0
2026-05-14 13:35:00,95.63,95.89,95.62,95.83,30729.0
2026-05-14 13:40:00,95.85,95.92,95.7,95.715,30991.0
2026-05-14 13:45:00,95.71,95.96,95.71,95.96,26090.0
2026-05-14 13:50:00,95.98,96.01,95.89,95.92,40428.0
2026-05-14 13:55:00,95.93,96.03,95.8725,95.98,31106.0
2026-05-14 14:00:00,95.96,95.98,95.71,95.775,35950.0
2026-05-14 14:05:00,95.7587,95.9,95.73,95.84,35722.0
2026-05-14 14:10:00,95.83,96.06,95.82,95.955,57526.0
2026-05-14 14:15:00,95.92,96.13,95.92,96.055,89233.0
2026-05-14 14:20:00,96.0801,96.1,95.73,95.82,42390.0
2026-05-14 14:25:00,95.84,95.94,95.82,95.86,28602.0
2026-05-14 14:30:00,95.86,95.98,95.72,95.95,59390.0
2026-05-14 14:35:00,95.96,96.055,95.87,95.99,34790.0
2026-05-14 14:40:00,96.0,96.0,95.8,95.94,25474.0
2026-05-14 14:45:00,95.91,96.02,95.9,95.98,25965.0
2026-05-14 14:50:00,95.97,96.14,95.94,96.095,30874.0
2026-05-14 14:55:00,96.08,96.18,96.08,96.16,22879.0
2026-05-14 15:00:00,96.16,96.225,96.055,96.115,29509.0
2026-05-14 15:05:00,96.12,96.29,96.12,96.27,36342.0
2026-05-14 15:10:00,96.275,96.32,96.15,96.22,34867.0
2026-05-14 15:15:00,96.2299,96.4699,96.18,96.435,38154.0
2026-05-14 15:20:00,96.43,96.68,96.42,96.63,62837.0
2026-05-14 15:25:00,96.63,96.74,96.56,96.7,90285.0
2026-05-14 15:30:00,96.7,97.1485,96.66,97.025,125301.0
2026-05-14 15:35:00,97.02,97.13,96.935,96.99,139252.0
2026-05-14 15:40:00,96.98,97.12,96.935,97.11,79594.0
2026-05-14 15:45:00,97.1,97.2,97.06,97.18,79241.0
2026-05-14 15:50:00,97.16,97.29,97.03,97.07,174884.0
2026-05-14 15:55:00,97.08,97.165,96.98,97.03,836451.0
2026-05-15 09:30:00,94.102,94.74,94.102,94.63,350787.0
2026-05-15 09:35:00,94.69,95.06,94.51,94.67,115489.0
2026-05-15 09:40:00,94.6026,95.15,94.19,94.575,100290.0
2026-05-15 09:45:00,94.565,94.565,94.06,94.335,213928.0
2026-05-15 09:50:00,94.39,94.4,93.87,94.39,116643.0
2026-05-15 09:55:00,94.39,94.515,93.7213,93.815,111474.0
2026-05-15 10:00:00,93.84,94.24,93.73,93.81,91091.0
2026-05-15 10:05:00,93.87,94.18,93.78,93.945,96486.0
2026-05-15 10:10:00,93.945,94.53,93.855,94.48,69526.0
2026-05-15 10:15:00,94.52,94.83,94.28,94.69,76348.0
2026-05-15 10:20:00,94.6925,94.9,94.4,94.44,95327.0
2026-05-15 10:25:00,94.455,94.455,94.09,94.185,79404.0
2026-05-15 10:30:00,94.21,94.38,94.08,94.335,52371.0
2026-05-15 10:35:00,94.355,94.42,94.19,94.2,38293.0
2026-05-15 10:40:00,94.2,94.48,94.15,94.44,77130.0
2026-05-15 10:45:00,94.44,94.495,94.2,94.265,44494.0
2026-05-15 10:50:00,94.24,94.35,94.13,94.33,62461.0
2026-05-15 10:55:00,94.36,94.4475,94.11,94.18,35769.0
2026-05-15 11:00:00,94.18,94.3,93.98,94.21,61553.0
2026-05-15 11:05:00,94.23,94.33,94.0,94.32,60987.0
2026-05-15 11:10:00,94.355,94.4,94.135,94.19,113380.0
2026-05-15 11:15:00,94.21,94.345,94.19,94.295,44856.0
2026-05-15 11:20:00,94.31,94.69,94.29,94.31,47435.0
2026-05-15 11:25:00,94.32,94.39,94.2,94.39,30663.0
2026-05-15 11:30:00,94.39,94.5,94.34,94.41,48983.0
2026-05-15 11:35:00,94.44,94.775,94.41,94.72,34138.0
2026-05-15 11:40:00,94.71,94.72,94.475,94.53,28525.0
2026-05-15 11:45:00,94.56,94.715,94.53,94.6,22056.0
2026-05-15 11:50:00,94.61,94.64,94.22,94.27,30259.0
2026-05-15 11:55:00,94.25,94.4,94.21,94.37,38283.0
2026-05-15 12:00:00,94.4,94.5,94.32,94.38,21417.0
2026-05-15 12:05:00,94.32,94.5,94.32,94.48,37830.0
2026-05-15 12:10:00,94.485,94.545,94.35,94.545,18949.0
2026-05-15 12:15:00,94.545,94.595,94.41,94.48,20930.0
2026-05-15 12:20:00,94.5,94.73,94.5,94.72,29297.0
2026-05-15 12:25:00,94.7,94.72,94.51,94.51,22227.0
2026-05-15 12:30:00,94.5,94.68,94.475,94.665,27940.0
2026-05-15 12:35:00,94.69,94.69,94.41,94.51,39017.0
2026-05-15 12:40:00,94.49,94.71,94.47,94.69,27731.0
2026-05-15 12:45:00,94.66,94.89,94.63,94.82,29492.0
2026-05-15 12:50:00,94.83,94.86,94.5762,94.5762,20800.0
2026-05-15 12:55:00,94.62,94.85,94.62,94.735,38022.0
2026-05-15 13:00:00,94.74,95.05,94.73,94.975,42370.0
2026-05-15 13:05:00,94.98,95.02,94.89,94.9335,32094.0
2026-05-15 13:10:00,94.905,95.005,94.88,94.95,24607.0
2026-05-15 13:15:00,94.94,94.95,94.86,94.91,15918.0
2026-05-15 13:20:00,94.88,95.04,94.87,94.995,24214.0
2026-05-15 13:25:00,95.03,95.07,94.78,94.83,35194.0
2026-05-15 13:30:00,94.84,94.97,94.84,94.91,29205.0
2026-05-15 13:35:00,94.87,94.95,94.82,94.86,43613.0
2026-05-15 13:40:00,94.875,94.98,94.82,94.89,36086.0
2026-05-15 13:45:00,94.89,95.04,94.8801,94.99,32553.0
2026-05-15 13:50:00,94.99,95.19,94.96,95.16,31006.0
2026-05-15 13:55:00,95.14,95.54,95.14,95.5,32952.0
2026-05-15 14:00:00,95.501,95.59,95.35,95.35,67013.0
2026-05-15 14:05:00,95.35,95.43,95.32,95.39,34121.0
2026-05-15 14:10:00,95.39,95.41,95.25,95.31,38197.0
2026-05-15 14:15:00,95.305,95.37,95.04,95.1,32495.0
2026-05-15 14:20:00,95.11,95.28,95.11,95.205,50405.0
2026-05-15 14:25:00,95.19,95.25,94.97,95.015,35758.0
2026-05-15 14:30:00,95.015,95.03,94.79,94.93,35006.0
2026-05-15 14:35:00,94.92,95.15,94.92,95.15,27024.0
2026-05-15 14:40:00,95.15,95.18,95.04,95.16,21684.0
2026-05-15 14:45:00,95.17,95.17,94.94,94.97,36774.0
2026-05-15 14:50:00,94.97,95.12,94.93,95.07,44903.0
2026-05-15 14:55:00,95.05,95.08,94.92,94.9504,40040.0
2026-05-15 15:00:00,94.99,95.02,94.845,94.845,34877.0
2026-05-15 15:05:00,94.85,94.959,94.62,94.72,64339.0
2026-05-15 15:10:00,94.68,94.71,94.495,94.645,47197.0
2026-05-15 15:15:00,94.65,94.7,94.51,94.595,59499.0
2026-05-15 15:20:00,94.61,94.7,94.55,94.59,50870.0
2026-05-15 15:25:00,94.57,94.65,94.47,94.5,80593.0
2026-05-15 15:30:00,94.5,94.71,94.49,94.6095,94064.0
2026-05-15 15:35:00,94.585,94.62,94.44,94.51,84825.0
2026-05-15 15:40:00,94.51,94.57,94.33,94.415,103908.0
2026-05-15 15:45:00,94.43,94.56,94.25,94.55,128517.0
2026-05-15 15:50:00,94.51,94.54,94.14,94.21,315228.0
2026-05-15 15:55:00,94.2,94.21,93.75,93.811,1274852.0
